关键词,消费,点击,CTR,CPC
增值电信业务经营许可证,167.33,25,6.85,6.69
广播电视服务中心[已删除],126.38,2,10.53,63.19
代办公司营业执照[已删除],118.00,3,2.48,39.33
演出经纪人许可证,89.38,2,3.08,44.69
食品经营许可证办理要什么材料,71.85,3,11.11,23.95
办理影视拍摄许可证,68.53,1,50.00,68.53
营业性演出经纪许可证,65.72,1,2.86,65.72
出版物经营许可证,64.32,3,2.59,21.44
申报呼叫中心许可证,61.37,1,16.67,61.37
icp经营许可证,61.24,4,1.98,15.31
药品经营许可证,59.27,3,2.75,19.76
影视拍摄许可证,52.89,1,50.00,52.89
算法备案收费,51.12,1,20.00,51.12
生成式人工智能服务备案,43.14,1,1.16,43.14
人力许可证代办机构,41.55,1,33.33,41.55
电信增值业务经营许可证办理要求,33.98,2,2.86,16.99
isp电信业务许可证,32.13,1,7.69,32.13
营业性演出许可证场所,31.99,1,5.56,31.99
保安服务经营许可证办理代办[已删除],29.09,2,20.00,14.55
出版许可证,26.51,2,2.74,13.25
算法备案办理,25.56,2,4.35,12.78
经营性网站icp许可证申请,25.49,1,7.14,25.49
网络剧片发行许可证怎么办理,25.35,1,12.50,25.35
icp代办许可证,24.29,2,2.33,12.14
edi 证,23.53,2,5.56,11.77
许可证出版物,22.07,1,20.00,22.07
edi多少钱办理,20.58,1,5.00,20.58
营业性演出证,20.34,6,2.80,3.39
icp办理公司,20.32,62,1.45,0.33
